STATEFP,NAME,fips,bea_fips
39,Pike,39131,
46,Aurora,46003,
55,Eau Claire,55035,
48,Kendall,48259,
40,Caddo,40015,
19,Ida,19093,
28,Lafayette,28071,
12,DeSoto,12027,
31,Phelps,31137,
26,Roscommon,26143,
16,Payette,16075,
45,Spartanburg,45083,
36,Cattaraugus,36009,
18,Dubois,18037,
19,Palo Alto,19147,
20,Woodson,20207,
26,Calhoun,26025,
31,Kearney,31099,
40,Washita,40149,
46,Hamlin,46057,
48,Coke,48081,
20,Sherman,20181,
29,Harrison,29081,
40,Sequoyah,40135,
8,Douglas,8035,
18,Hancock,18059,
19,Black Hawk,19013,
22,Lincoln,22061,
29,Lafayette,29107,
39,Fayette,39047,
48,Frio,48163,
48,Terry,48445,
56,Platte,56031,
19,Jasper,19099,
20,Cowley,20035,
38,Griggs,38039,
22,Caldwell,22021,
27,Carlton,27017,
18,LaGrange,18087,
20,Wyandotte,20209,
19,Worth,19195,
31,Perkins,31135,
8,Phillips,8095,
29,Andrew,29003,
36,Wayne,36117,
36,Orange,36071,
13,Madison,13195,
31,Saline,31151,
17,Jefferson,17081,
19,Floyd,19067,
19,Keokuk,19107,
31,Polk,31143,
20,Ness,20135,
27,Ramsey,27123,
29,Benton,29015,
42,Cambria,42021,
48,Carson,48065,
51,Appomattox,51011,
51,Williamsburg,51830,51931
48,Schleicher,48413,
19,Boone,19015,
28,Lauderdale,28075,
21,Caldwell,21033,
48,Castro,48069,
28,Prentiss,28117,
20,Wilson,20205,
20,McPherson,20113,
31,Sherman,31163,
17,Cumberland,17035,
5,Columbia,5027,
6,San Francisco,6075,
21,Allen,21003,
36,Chemung,36015,
46,Minnehaha,46099,
51,Dickenson,51051,
8,Elbert,8039,
16,Gooding,16047,
17,Saline,17165,
20,Douglas,20045,
27,Swift,27151,
39,Morrow,39117,
48,Dickens,48125,
48,Titus,48449,
51,Isle of Wight,51093,
48,Gillespie,48171,
20,Kearny,20093,
31,Arthur,31005,
37,New Hanover,37129,
16,Benewah,16009,
26,Benzie,26019,
12,St. Johns,12109,
47,Obion,47131,
51,Danville,51590,51939
8,Broomfield,8014,
31,Clay,31035,
20,Jefferson,20087,
27,Grant,27051,
28,Newton,28101,
31,Hamilton,31081,
31,Lancaster,31109,
39,Clinton,39027,
48,Gray,48179,
48,Hamilton,48193,
51,Fluvanna,51065,
54,Doddridge,54017,
51,Greene,51079,
28,Wayne,28153,
39,Hardin,39065,
5,Lawrence,5075,
18,Steuben,18151,
19,Des Moines,19057,
26,Baraga,26013,
31,Nuckolls,31129,
39,Lake,39085,
44,Bristol,44001,
5,Searcy,5129,
13,Macon,13193,
27,McLeod,27085,
29,Iron,29093,
19,Marshall,19127,
47,Warren,47177,
48,Randall,48381,
28,DeSoto,28033,
55,Washburn,55129,
51,Madison,51113,
39,Madison,39097,
48,Hartley,48205,
19,Mahaska,19123,
13,White,13311,
21,Gallatin,21077,
18,Pulaski,18131,
20,Clark,20025,
31,Harlan,31083,
36,New York,36061,
44,Kent,44003,
13,Toombs,13279,
12,Hardee,12049,
13,Peach,13225,
20,Finney,20055,
29,Maries,29125,
48,Colorado,48089,
35,Eddy,35015,
21,Hopkins,21107,
19,Hancock,19081,
26,Hillsdale,26059,
48,Deaf Smith,48117,
20,Neosho,20133,
20,Wichita,20203,
49,Piute,49031,
26,Kent,26081,
26,Mason,26105,
27,Wadena,27159,
21,Owsley,21189,
21,Todd,21219,
17,Ford,17053,
17,Hamilton,17065,
21,Bourbon,21017,
27,Carver,27019,
21,Carter,21043,
46,Clark,46025,
16,Kootenai,16055,
18,Monroe,18105,
18,Elkhart,18039,
19,Mills,19129,
26,Manistee,26101,
31,Webster,31181,
40,Craig,40035,
5,Conway,5029,
18,Cass,18017,
27,Cottonwood,27033,
31,Stanton,31167,
37,Franklin,37069,
31,Fillmore,31059,
46,Douglas,46043,
48,Ward,48475,
55,Jefferson,55055,
42,Wyoming,42131,
38,Renville,38075,
39,Trumbull,39155,
39,Henry,39069,
1,Escambia,1053,
17,Montgomery,17135,
26,Clare,26035,
19,Adair,19001,
11,District of Columbia,11001,
17,Morgan,17137,
19,Union,19175,
47,Meigs,47121,
55,Outagamie,55087,
46,Haakon,46055,
19,Buchanan,19019,
20,Linn,20107,
19,Chickasaw,19037,
37,Rowan,37159,
20,Wallace,20199,
20,Chase,20017,
31,Custer,31041,
19,Kossuth,19109,
16,Camas,16025,
18,Crawford,18025,
47,Grundy,47061,
48,Chambers,48071,
16,Oneida,16071,
19,Shelby,19165,
18,Clay,18021,
31,Thayer,31169,
18,Clinton,18023,
17,Jackson,17077,
29,Gasconade,29073,
18,Starke,18149,
29,Laclede,29105,
39,Richland,39139,
48,Roberts,48393,
48,Sherman,48421,
39,Shelby,39149,
48,Throckmorton,48447,
17,Williamson,17199,
39,Van Wert,39161,
39,Wyandot,39175,
39,Guernsey,39059,
39,Huron,39077,
48,Zavala,48507,
21,Calloway,21035,
46,Spink,46115,
46,Deuel,46039,
46,Hutchinson,46067,
48,Bee,48025,
46,Kingsbury,46077,
47,Humphreys,47085,
49,Beaver,49001,
53,Yakima,53077,
27,Lincoln,27081,
27,Lyon,27083,
29,Adair,29001,
48,Bosque,48035,
47,Washington,47179,
55,Rusk,55107,
45,Pickens,45077,
55,Washington,55131,
30,Silver Bow,30093,
53,Walla Walla,53071,
29,Cooper,29053,
29,Dade,29057,
26,Otsego,26137,
33,Belknap,33001,
48,Briscoe,48045,
27,Nobles,27105,
29,Lawrence,29109,
51,Russell,51167,
48,Ellis,48139,
31,Scotts Bluff,31157,
31,Sioux,31165,
26,Missaukee,26113,
51,Fredericksburg,51630,51951
42,Sullivan,42113,
39,Knox,39083,
42,Tioga,42117,
51,Sussex,51183,
48,Hale,48189,
48,Hall,48191,
29,Webster,29225,
38,Kidder,38043,
51,Bristol,51520,51953
29,Phelps,29161,
51,Harrisonburg,51660,51947
20,Brown,20013,
37,Lenoir,37107,
48,Lampasas,48281,
48,Bell,48027,
53,Spokane,53063,
56,Uinta,56041,
48,Sutton,48435,
55,Walworth,55127,
51,Waynesboro,51820,51907
32,Storey,32029,
12,Union,12125,
20,Cherokee,20021,
42,Clearfield,42033,
28,Carroll,28015,
47,Franklin,47051,
27,Itasca,27061,
18,Adams,18001,
8,Eagle,8037,
20,Anderson,20003,
48,King,48269,
37,Stokes,37169,
8,Hinsdale,8053,
19,Davis,19051,
5,Yell,5149,
48,La Salle,48283,
19,Franklin,19069,
17,Marion,17121,
51,Dinwiddie,51053,51918
20,Thomas,20193,
17,Randolph,17157,
19,Montgomery,19137,
36,Tompkins,36109,
40,Blaine,40011,
51,Poquoson,51735,51958
48,Lynn,48305,
48,Menard,48327,
48,Reagan,48383,
29,St. Clair,29185,
48,Wilbarger,48487,
48,Stonewall,48433,
48,Howard,48227,
48,Haskell,48207,
20,Chautauqua,20019,
36,Greene,36039,
48,Upshur,48459,
31,Gage,31067,
36,Albany,36001,
47,Lincoln,47103,
51,Orange,51137,
51,Lynchburg,51680,51911
1,Morgan,1103,
40,Latimer,40077,
54,Ohio,54069,
13,Fayette,13113,
13,Richmond,13245,
48,Navarro,48349,
20,Harper,20077,
48,Live Oak,48297,
48,Hockley,48219,
27,Isanti,27059,
48,Stephens,48429,
48,Somervell,48425,
31,Saunders,31155,
27,Sherburne,27141,
48,Motley,48345,
13,Webster,13307,
13,Heard,13149,
13,Greene,13133,
55,Sawyer,55113,
55,Wood,55141,
5,Ouachita,5103,
39,Paulding,39125,
46,Oglala Lakota,46102,
29,Scotland,29199,
29,Lewis,29111,
8,Crowley,8025,
31,Pierce,31139,
28,Panola,28107,
18,Warren,18171,
1,Perry,1105,
40,Oklahoma,40109,
17,Vermilion,17183,
51,Virginia Beach,51810,
19,Audubon,19009,
20,Osborne,20141,
31,Cuming,31039,
55,Chippewa,55017,
18,Wells,18179,
19,Henry,19087,
22,West Carroll,22123,
18,Miami,18103,
29,Polk,29167,
6,Nevada,6057,
20,Lane,20101,
20,Marshall,20117,
20,Ottawa,20143,
55,Barron,55005,
55,Dane,55025,
19,Allamakee,19005,
22,Jackson,22049,
51,Norton,51720,51955
55,Vernon,55123,
51,Smyth,51173,
20,Butler,20015,
13,Evans,13109,
18,Jasper,18073,
20,Morton,20129,
21,Scott,21209,
26,Ogemaw,26129,
38,Slope,38087,
55,Calumet,55015,
36,Yates,36123,
1,Lamar,1075,
1,Pickens,1107,
54,Pleasants,54073,
5,Drew,5043,
29,Sullivan,29211,
54,Marion,54049,
54,Harrison,54033,
12,Bay,12005,
31,Frontier,31063,
12,Gadsden,12039,
12,Leon,12073,
13,Decatur,13087,
28,Pike,28113,
28,Clarke,28023,
28,George,28039,
29,Schuyler,29197,
18,Brown,18013,
12,Gulf,12045,
29,Newton,29145,
18,Marshall,18099,
31,Hooker,31091,
45,Marion,45067,
29,Texas,29215,
17,McDonough,17109,
48,Yoakum,48501,
39,Pickaway,39129,
27,Winona,27169,
48,Kent,48263,
28,Marion,28091,
8,Alamosa,8003,
13,Glascock,13125,
48,Moore,48341,
48,Childress,48075,
20,Greeley,20071,
1,Chambers,1017,
46,Brookings,46011,
27,Le Sueur,27079,
48,Falls,48145,
46,Brule,46015,
5,Grant,5053,
19,Winnebago,19189,
13,Pulaski,13235,
21,Woodford,21239,
47,Trousdale,47169,
31,Boyd,31015,
37,Macon,37113,
18,Ripley,18137,
31,Grant,31075,
51,Suffolk,51800,
13,Lincoln,13181,
37,Rockingham,37157,
20,Osage,20139,
47,Morgan,47129,
55,Fond du Lac,55039,
48,Potter,48375,
19,Decatur,19053,
36,Tioga,36107,
18,Kosciusko,18085,
48,Baylor,48023,
39,Fairfield,39045,
31,Hitchcock,31087,
36,Oneida,36065,
22,East Feliciana,22037,
47,Marion,47115,
20,Russell,20167,
26,Montmorency,26119,
48,Collin,48085,
56,Weston,56045,
29,Ste. Genevieve,29186,
29,Randolph,29175,
53,San Juan,53055,
22,Ascension,22005,
29,Pulaski,29169,
48,Kleberg,48273,
48,Real,48385,
19,Madison,19121,
48,Wheeler,48483,
13,Stephens,13257,
27,Olmsted,27109,
5,Cross,5037,
31,Red Willow,31145,
46,Moody,46101,
20,Nemaha,20131,
13,Taylor,13269,
37,Hertford,37091,
37,Clay,37043,
54,Mason,54053,
17,Calhoun,17013,
13,Lumpkin,13187,
36,Chenango,36017,
12,Flagler,12035,
22,East Baton Rouge,22033,
20,Kiowa,20097,
47,McNairy,47109,
31,Johnson,31097,
29,Montgomery,29139,
40,Alfalfa,40003,
18,Johnson,18081,
18,Lawrence,18093,
13,Thomas,13275,
12,Lafayette,12067,
31,Garfield,31071,
40,Lincoln,40081,
5,Johnson,5071,
17,Henry,17073,
27,Benton,27009,
5,Ashley,5003,
28,Tippah,28139,
13,Schley,13249,
28,Stone,28131,
55,Portage,55097,
20,Crawford,20037,
48,Dallam,48111,
29,Clark,29045,
40,Garfield,40047,
21,Larue,21123,
13,Pierce,13229,
20,Grant,20067,
55,Taylor,55119,
48,Fisher,48151,
26,Van Buren,26159,
37,Guilford,37081,
48,Floyd,48153,
20,Cloud,20029,
29,Gentry,29075,
48,Hill,48217,
19,Winneshiek,19191,
47,Polk,47139,
48,Cass,48067,
13,Worth,13321,
26,Clinton,26037,
48,Dimmit,48127,
27,Anoka,27003,
48,Archer,48009,
46,Hanson,46061,
17,Grundy,17063,
55,Lincoln,55069,
53,Franklin,53021,
39,Clark,39023,
5,Scott,5127,
20,Kingman,20095,
39,Franklin,39049,
40,Garvin,40049,
46,McCook,46087,
48,Milam,48331,
48,Jefferson,48245,
54,Grant,54023,
55,Monroe,55081,
28,Calhoun,28013,
1,Bibb,1007,
48,Knox,48275,
19,Fremont,19071,
17,Bond,17005,
42,Warren,42123,
46,Bennett,46007,
18,Madison,18095,
4,Greenlee,4011,
5,Miller,5091,
17,Jo Daviess,17085,
20,Stevens,20189,
29,Mercer,29129,
31,Sheridan,31161,
34,Atlantic,34001,
21,Clinton,21053,
38,Cass,38017,
48,Marion,48315,
51,Grayson,51077,
40,Love,40085,
17,Clay,17025,
48,Irion,48235,
26,Oscoda,26135,
17,Putnam,17155,
17,Knox,17095,
48,Lipscomb,48295,
48,Culberson,48109,
27,Murray,27101,
48,Young,48503,
29,Madison,29123,
54,Mingo,54059,
17,De Witt,17039,
40,Atoka,40005,
20,Trego,20195,
18,Newton,18111,
18,Fayette,18041,
19,Monroe,19135,
37,Yadkin,37197,
20,Pottawatomie,20149,
17,Cass,17017,
13,Polk,13233,
29,Osage,29151,
20,Sumner,20191,
26,Kalamazoo,26077,
27,Douglas,27041,
46,Jerauld,46073,
55,Ozaukee,55089,
29,Chariton,29041,
38,Ransom,38073,
29,Stoddard,29207,
53,Skagit,53057,
26,Iosco,26069,
12,Manatee,12081,
48,Runnels,48399,
48,Armstrong,48011,
13,Twiggs,13289,
41,Yamhill,41071,
13,Cobb,13067,
26,Alcona,26001,
26,Monroe,26115,
51,Roanoke,51770,51770
36,Westchester,36119,
54,Brooke,54009,
51,Tazewell,51185,
13,Wilcox,13315,
20,Labette,20099,
24,Queen Anne's,24035,
26,St. Joseph,26149,
28,Tishomingo,28141,
31,Keya Paha,31103,
32,Humboldt,32013,
30,Gallatin,30031,
40,Kay,40071,
46,Butte,46019,
38,Grant,38037,
49,Millard,49027,
1,Dale,1045,
18,Jackson,18071,
19,Butler,19023,
20,Pawnee,20145,
21,Nelson,21179,
53,Clallam,53009,
48,Val Verde,48465,
6,Merced,6047,
13,Wilkinson,13319,
13,Coweta,13077,
31,Dawson,31047,
17,Livingston,17105,
19,Wapello,19179,
19,Benton,19011,
21,Washington,21229,
22,Evangeline,22039,
28,Sharkey,28125,
30,Fergus,30027,
35,Mora,35033,
29,Scott,29201,
39,Coshocton,39031,
46,Jones,46075,
47,Bradley,47011,
47,Davidson,47037,
48,Uvalde,48463,
54,Calhoun,54013,
54,Braxton,54007,
55,Adams,55001,
47,Rhea,47143,
40,Ellis,40045,
48,Bailey,48017,
42,Bedford,42009,
51,Gloucester,51073,
19,Woodbury,19193,
28,Marshall,28093,
13,Glynn,13127,
31,Dawes,31045,
13,Long,13183,
17,Tazewell,17179,
8,Lake,8065,
1,Houston,1069,
1,Henry,1067,
12,Palm Beach,12099,
18,Gibson,18051,
48,Montgomery,48339,
28,Washington,28151,
54,Cabell,54011,
51,Montgomery,51121,51933
47,Lawrence,47099,
27,Stevens,27149,
28,Humphreys,28053,
29,Washington,29221,
21,Robertson,21201,
22,Assumption,22007,
26,Livingston,26093,
26,Lapeer,26087,
27,Hubbard,27057,
36,Schuyler,36097,
8,Montezuma,8083,
13,Echols,13101,
19,Lucas,19117,
28,Issaquena,28055,
20,Phillips,20147,
20,Mitchell,20123,
39,Belmont,39013,
13,Johnson,13167,
16,Bonner,16017,
16,Boise,16015,
17,Menard,17129,
26,Grand Traverse,26055,
1,Lauderdale,1077,
12,Nassau,12089,
13,Columbia,13073,
19,Muscatine,19139,
53,Lincoln,53043,
47,White,47185,
48,Parker,48367,
48,Taylor,48441,
20,Miami,20121,
28,Sunflower,28133,
21,Whitley,21235,
21,Edmonson,21061,
31,Greeley,31077,
6,Alpine,6003,
17,Bureau,17011,
1,Colbert,1033,
6,Contra Costa,6013,
16,Teton,16081,
18,LaPorte,18091,
21,Simpson,21213,
28,Noxubee,28103,
29,Lincoln,29113,
31,Jefferson,31095,
38,Sioux,38085,
40,Cimarron,40025,
46,Marshall,46091,
46,Campbell,46021,
48,Grayson,48181,
8,Summit,8117,
12,Hendry,12051,
13,Lowndes,13185,
13,Henry,13151,
17,Fayette,17051,
19,O'Brien,19141,
19,Adams,19003,
28,Pontotoc,28115,
28,Chickasaw,28017,
29,Boone,29019,
17,Ogle,17141,
31,Holt,31089,
42,Lackawanna,42069,
42,Lebanon,42075,
48,Brown,48049,
22,East Carroll,22035,
37,Cleveland,37045,
1,Russell,1113,
5,Fulton,5049,
17,Gallatin,17059,
21,Livingston,21139,
26,Antrim,26009,
30,Park,30067,
35,Hidalgo,35023,
37,Union,37179,
21,Wayne,21231,
41,Sherman,41055,
42,Chester,42029,
35,Catron,35003,
30,Golden Valley,30037,
32,Churchill,32001,
38,Ramsey,38071,
31,Brown,31017,
41,Polk,41053,
21,Meade,21163,
22,St. Tammany,22103,
22,Terrebonne,22109,
34,Cape May,34009,
36,Nassau,36059,
42,Mercer,42085,
48,Andrews,48003,
37,Caldwell,37027,
1,Monroe,1099,
5,Nevada,5099,
5,Garland,5051,
6,Tulare,6107,
17,Peoria,17143,
18,Tipton,18159,
22,Allen,22003,
20,Allen,20001,
21,Jessamine,21113,
22,St. John the Baptist,22095,
27,Brown,27015,
27,Clearwater,27029,
39,Warren,39165,
39,Hancock,39063,
45,Williamsburg,45089,
51,Mecklenburg,51117,
29,Taney,29213,
54,Jackson,54035,
51,Prince Edward,51147,
47,Weakley,47183,
48,Hood,48221,
28,Adams,28001,
39,Putnam,39137,
1,Cullman,1043,
31,Cass,31025,
42,York,42133,
46,Perkins,46105,
48,Zapata,48505,
37,Pasquotank,37139,
5,Perry,5105,
13,Paulding,13223,
6,Lake,6033,
55,Forest,55041,
13,Lanier,13173,
13,Telfair,13271,
13,Mitchell,13205,
17,Edwards,17047,
18,Pike,18125,
19,Cass,19029,
21,Henry,21103,
21,Franklin,21073,
21,Leslie,21131,
22,Grant,22043,
28,Lincoln,28085,
28,Webster,28155,
29,Cedar,29039,
31,Hall,31079,
30,Jefferson,30043,
48,Bexar,48029,
42,Berks,42011,
48,Caldwell,48055,
39,Montgomery,39113,
51,Emporia,51595,51923
51,Amherst,51009,
48,Hutchinson,48233,
55,Trempealeau,55121,
51,Rockbridge,51163,51945
47,Hardeman,47069,
47,Roane,47145,
47,Lewis,47101,
29,Mississippi,29133,
47,Decatur,47039,
48,McLennan,48309,
47,Hancock,47067,
53,Whatcom,53073,
48,Coleman,48083,
55,Sauk,55111,
51,Louisa,51109,
47,Robertson,47147,
51,Falls Church,51610,51919
53,Mason,53045,
40,Texas,40139,
42,Juniata,42067,
51,Bath,51017,
1,Coffee,1031,
13,Warren,13301,
5,Desha,5041,
17,Alexander,17003,
8,Baca,8009,
18,Rush,18139,
8,Archuleta,8007,
12,Escambia,12033,
19,Appanoose,19007,
20,Barber,20007,
18,Spencer,18147,
25,Norfolk,25021,
30,Hill,30041,
32,Mineral,32021,
37,Rutherford,37161,
8,Otero,8089,
12,Orange,12095,
12,Suwannee,12121,
13,Bartow,13015,
13,Pickens,13227,
37,Montgomery,37123,
16,Power,16077,
21,Bath,21011,
19,Iowa,19095,
12,Highlands,12055,
13,Newton,13217,
18,Grant,18053,
19,Guthrie,19077,
49,Uintah,49047,
42,Schuylkill,42107,
20,Cheyenne,20023,
21,Webster,21233,
31,Otoe,31131,
17,Pope,17151,
18,Ohio,18115,
1,Sumter,1119,
5,Marion,5089,
55,Dunn,55033,
48,Callahan,48059,
40,Le Flore,40079,
51,Galax,51640,51913
19,Delaware,19055,
12,Seminole,12117,
13,Candler,13043,
21,Martin,21159,
13,Bryan,13029,
22,Franklin,22041,
35,Los Alamos,35028,
18,Sullivan,18153,
6,Mono,6051,
17,Lake,17097,
17,Boone,17007,
21,McCreary,21147,
22,Vernon,22115,
30,Big Horn,30003,
21,Lewis,21135,
46,Yankton,46135,
47,Sumner,47165,
50,Orleans,50019,
48,Starr,48427,
37,Forsyth,37067,
28,Jones,28067,
29,Macon,29121,
37,Wilson,37195,
37,Greene,37079,
29,Stone,29209,
45,Laurens,45059,
47,Marshall,47117,
48,Travis,48453,
20,Rooks,20163,
21,Marshall,21157,
36,Onondaga,36067,
26,Eaton,26045,
27,Rice,27131,
31,Howard,31093,
13,Dougherty,13095,
35,Sierra,35051,
41,Marion,41047,
47,Bedford,47003,
51,Lexington,51678,51945
47,McMinn,47107,
56,Sublette,56035,
28,Alcorn,28003,
51,Washington,51191,51953
54,Greenbrier,54025,
17,Warren,17187,
18,Benton,18007,
29,Ralls,29173,
29,Ray,29177,
38,Mountrail,38061,
13,Chatham,13051,
21,Mercer,21167,
13,Dade,13083,
21,Campbell,21037,
17,Effingham,17049,
26,Muskegon,26121,
18,Switzerland,18155,
26,Barry,26015,
36,Cortland,36023,
8,Costilla,8023,
10,New Castle,10003,
17,Johnson,17087,
8,Dolores,8033,
48,Hudspeth,48229,
6,Imperial,6025,
9,Fairfield,9001,
13,Chattooga,13055,
13,Catoosa,13047,
20,Hamilton,20075,
18,Vigo,18167,
22,Washington,22117,
26,Dickinson,26043,
25,Franklin,25011,
21,Carroll,21041,
40,Harmon,40057,
41,Columbia,41009,
38,Wells,38103,
48,Bowie,48037,
1,Dallas,1047,
12,Sumter,12119,
18,Orange,18117,
20,Rice,20159,
40,Grant,40053,
19,Humboldt,19091,
18,Fountain,18045,
48,Parmer,48369,
38,Burke,38013,
38,Dunn,38025,
18,Porter,18127,
17,Lee,17103,
45,Marlboro,45069,
46,Corson,46031,
6,Alameda,6001,
21,Crittenden,21055,
21,Estill,21065,
53,Pierce,53053,
21,Fulton,21075,
17,Christian,17021,
48,Lubbock,48303,
48,Kerr,48265,
48,Guadalupe,48187,
48,Mills,48333,
51,Middlesex,51119,
48,Midland,48329,
45,Lexington,45063,
47,Macon,47111,
29,Barton,29011,
26,Arenac,26011,
42,Somerset,42111,
8,Morgan,8087,
19,Hamilton,19079,
48,Coryell,48099,
17,Moultrie,17139,
19,Dickinson,19059,
17,Coles,17029,
37,Bladen,37017,
47,Sequatchie,47153,
19,Carroll,19027,
21,Laurel,21125,
47,Smith,47159,
48,Delta,48119,
26,Ionia,26067,
24,Cecil,24015,
17,Madison,17119,
47,Hamilton,47065,
19,Webster,19187,
6,Santa Clara,6085,
47,Haywood,47075,
6,Stanislaus,6099,
47,Loudon,47105,
24,Montgomery,24031,
17,Shelby,17173,
21,Hancock,21091,
20,Geary,20061,
19,Clay,19041,
20,Saline,20169,
19,Clinton,19045,
17,White,17193,
23,Sagadahoc,23023,
31,Rock,31149,
21,Russell,21207,
38,Adams,38001,
21,Hardin,21093,
21,Harlan,21095,
53,Snohomish,53061,
27,Dakota,27037,
1,Covington,1039,
20,Smith,20183,
31,Banner,31007,
46,Bon Homme,46009,
24,Carroll,24013,
41,Josephine,41033,
42,Franklin,42055,
23,Lincoln,23015,
47,Anderson,47001,
48,Freestone,48161,
29,Franklin,29071,
16,Fremont,16043,
17,Perry,17145,
16,Jefferson,16051,
12,Alachua,12001,
41,Lake,41037,
48,Jim Hogg,48247,
18,Lake,18089,
42,Lawrence,42073,
29,Livingston,29117,
34,Warren,34041,
29,Marion,29127,
38,Emmons,38029,
48,Wise,48497,
55,Crawford,55023,
28,Jefferson,28063,
51,Campbell,51031,51911
42,Greene,42059,
51,Floyd,51063,
53,Kittitas,53037,
46,Edmunds,46045,
21,Lincoln,21137,
31,Keith,31101,
39,Wood,39173,
47,Crockett,47033,
48,Grimes,48185,
55,Winnebago,55139,
51,Mathews,51115,
19,Polk,19153,
29,Knox,29103,
45,Charleston,45019,
32,Eureka,32011,
21,Fleming,21069,
48,Clay,48077,
40,Tillman,40141,
38,McHenry,38049,
40,Creek,40037,
19,Fayette,19065,
12,Martin,12085,
6,Lassen,6035,
8,Yuma,8125,
48,Rusk,48401,
48,Tyler,48457,
39,Clermont,39025,
19,Mitchell,19131,
30,Stillwater,30095,
49,Daggett,49009,
40,Custer,40039,
6,Santa Cruz,6087,
39,Mahoning,39099,
48,Kinney,48271,
5,Sharp,5135,
42,Dauphin,42043,
55,Iowa,55049,
39,Wayne,39169,
13,Liberty,13179,
13,Meriwether,13199,
48,Wharton,48481,
13,Monroe,13207,
13,Oconee,13219,
39,Butler,39017,
39,Columbiana,39029,
19,Osceola,19143,
38,Divide,38023,
26,Gogebic,26053,
1,Barbour,1005,
30,Fallon,30025,
37,Swain,37173,
55,Vilas,55125,
27,Marshall,27089,
54,Wood,54107,
54,Taylor,54091,
54,Upshur,54097,
6,Sierra,6091,
8,Mineral,8079,
51,Carroll,51035,51913
39,Medina,39103,
21,Casey,21045,
37,Durham,37063,
46,Dewey,46041,
13,Randolph,13243,
13,Screven,13251,
36,Oswego,36075,
55,Buffalo,55011,
29,Douglas,29067,
29,Howell,29091,
5,Baxter,5005,
6,Napa,6055,
6,Colusa,6011,
29,Camden,29029,
51,Wythe,51197,
31,Douglas,31055,
51,Buena Vista,51530,51945
31,Dakota,31043,
31,Cedar,31027,
51,Franklin,51620,51949
29,Vernon,29217,
12,Madison,12079,
12,Columbia,12023,
54,Webster,54101,
54,Clay,54015,
23,Oxford,23017,
32,Nye,32023,
19,Wright,19197,
34,Ocean,34029,
1,Autauga,1001,
26,Lenawee,26091,
26,Oakland,26125,
31,Deuel,31049,
1,Greene,1063,
8,Washington,8121,
8,Adams,8001,
5,Stone,5137,
30,Custer,30017,
18,Franklin,18047,
13,Clinch,13065,
18,Harrison,18061,
38,Rolette,38079,
48,Sabine,48403,
34,Middlesex,34023,
27,Pope,27121,
34,Essex,34013,
13,Wayne,13305,
30,Powell,30077,
13,Jones,13169,
13,McDuffie,13189,
21,Bell,21013,
27,Blue Earth,27013,
40,Kingfisher,40073,
40,Noble,40103,
46,Brown,46013,
21,Breckinridge,21027,
46,Lincoln,46083,
26,Cass,26027,
48,Hansford,48195,
48,Crockett,48105,
27,Kandiyohi,27067,
17,Piatt,17147,
17,Champaign,17019,
21,Garrard,21079,
20,Lyon,20111,
31,Cheyenne,31033,
45,Greenwood,45047,
20,Haskell,20081,
22,Ouachita,22073,
31,Garden,31069,
5,Clay,5021,
5,Cleburne,5023,
39,Erie,39043,
38,McIntosh,38051,
55,Lafayette,55065,
51,Scott,51169,
41,Wallowa,41063,
47,Moore,47127,
36,Broome,36007,
48,Burleson,48051,
48,Walker,48471,
1,Jefferson,1073,
40,Hughes,40063,
12,Sarasota,12115,
13,Talbot,13263,
45,Florence,45041,
37,Brunswick,37019,
27,Pine,27115,
17,LaSalle,17099,
9,New London,9011,
39,Miami,39109,
8,Larimer,8069,
37,Northampton,37131,
16,Bear Lake,16007,
1,Tallapoosa,1123,
35,Quay,35037,
39,Cuyahoga,39035,
48,Jeff Davis,48243,
48,Jim Wells,48249,
19,Monona,19133,
40,Dewey,40043,
13,Wilkes,13317,
13,Treutlen,13283,
48,Liberty,48291,
48,Houston,48225,
48,Polk,48373,
45,Barnwell,45011,
1,Elmore,1051,
12,Liberty,12077,
28,Lawrence,28077,
37,Randolph,37151,
39,Champaign,39021,
38,Stutsman,38093,
46,Davison,46035,
12,Gilchrist,12041,
39,Morgan,39115,
28,Tallahatchie,28135,
29,Clay,29047,
39,Greene,39057,
42,Crawford,42039,
28,Covington,28031,
49,Rich,49033,
27,Mower,27099,
13,Burke,13033,
19,Hardin,19083,
16,Custer,16037,
20,Rawlins,20153,
19,Cherokee,19035,
23,Kennebec,23011,
51,Portsmouth,51740,
40,Comanche,40031,
8,Clear Creek,8019,
40,Jefferson,40067,
8,Pueblo,8101,
48,Sterling,48431,
48,Upton,48461,
51,Richmond,51760,
47,Cumberland,47035,
1,Fayette,1057,
37,Madison,37115,
29,Shelby,29205,
40,Beckham,40009,
51,Petersburg,51730,51918
28,Yalobusha,28161,
31,Furnas,31065,
53,Cowlitz,53015,
5,Mississippi,5093,
12,Hernando,12053,
12,Washington,12133,
12,Jefferson,12065,
12,Okaloosa,12091,
48,Dallas,48113,
18,Carroll,18015,
47,Fayette,47047,
20,Rush,20165,
26,Emmet,26047,
26,Genesee,26049,
17,Kane,17089,
51,Chesapeake,51550,
48,Wichita,48485,
36,Cayuga,36011,
48,Winkler,48495,
47,Dickson,47043,
26,Kalkaska,26079,
28,Forrest,28035,
40,Okfuskee,40107,
55,Douglas,55031,
45,Chesterfield,45025,
30,Richland,30083,
49,Duchesne,49013,
49,Juab,49023,
41,Wasco,41065,
21,Ballard,21007,
21,Carlisle,21039,
47,Blount,47009,
46,Pennington,46103,
48,Aransas,48007,
45,Jasper,45053,
48,Austin,48015,
46,Lake,46079,
17,DuPage,17043,
45,Beaufort,45013,
49,Kane,49025,
29,Crawford,29055,
1,Pike,1109,
30,Glacier,30035,
5,Montgomery,5097,
12,Pasco,12101,
35,San Juan,35045,
33,Grafton,33009,
48,Foard,48155,
39,Jackson,39079,
37,McDowell,37111,
5,St. Francis,5123,
6,Sacramento,6067,
51,Page,51139,
27,Cass,27021,
27,Koochiching,27071,
28,Coahoma,28027,
38,Eddy,38027,
38,Sargent,38081,
38,Billings,38007,
27,Aitkin,27001,
20,Stafford,20185,
6,Sutter,6101,
13,Carroll,13045,
19,Jefferson,19101,
8,Prowers,8099,
38,McKenzie,38053,
18,Wabash,18169,
20,Jackson,20085,
32,Elko,32007,
31,Wayne,31179,
39,Lawrence,39087,
38,LaMoure,38045,
12,Lake,12069,
1,Shelby,1117,
16,Adams,16003,
8,Ouray,8091,
13,Dooly,13093,
1,Winston,1133,
37,Jackson,37099,
39,Monroe,39111,
54,Lincoln,54043,
22,West Feliciana,22125,
21,Logan,21141,
26,Jackson,26075,
21,Lyon,21143,
21,McLean,21149,
34,Sussex,34037,
28,Itawamba,28057,
18,Dearborn,18029,
27,Big Stone,27011,
37,Currituck,37053,
13,Crawford,13079,
28,Jefferson Davis,28065,
31,Colfax,31037,
46,Mellette,46095,
49,Garfield,49017,
47,Perry,47135,
48,Johnson,48251,
47,Stewart,47161,
45,Lancaster,45057,
47,Unicoi,47171,
8,Jackson,8057,
27,Sibley,27143,
39,Ashland,39005,
6,Mariposa,6043,
48,Kenedy,48261,
8,Park,8093,
48,Garza,48169,
30,Sanders,30089,
49,Weber,49057,
48,Medina,48325,
26,Lake,26085,
21,Montgomery,21173,
51,Brunswick,51025,
55,Dodge,55027,
49,Sevier,49041,
49,Tooele,49045,
51,New Kent,51127,
12,Putnam,12107,
12,Santa Rosa,12113,
12,Volusia,12127,
13,Baker,13007,
13,Turner,13287,
28,Amite,28005,
28,Bolivar,28011,
25,Dukes,25007,
56,Goshen,56015,
47,Wayne,47181,
47,Williamson,47187,
56,Lincoln,56023,
45,Richland,45079,
45,Newberry,45071,
5,Boone,5009,
40,Logan,40083,
40,Grady,40051,
5,Carroll,5015,
5,Sebastian,5131,
20,Decatur,20039,
29,Perry,29157,
53,Jefferson,53031,
53,Thurston,53067,
13,Tift,13277,
55,Manitowoc,55071,
1,Marion,1093,
28,Jasper,28061,
46,Clay,46027,
45,Chester,45023,
42,Carbon,42025,
46,Fall River,46047,
45,Clarendon,45027,
47,Hawkins,47073,
47,Sullivan,47163,
47,Houston,47083,
27,Cook,27031,
42,Elk,42047,
27,Steele,27147,
41,Harney,41025,
27,Traverse,27155,
25,Worcester,25027,
5,Franklin,5047,
5,Faulkner,5045,
31,Sarpy,31153,
55,Jackson,55053,
42,Clarion,42031,
45,Fairfield,45039,
40,Rogers,40131,
40,Muskogee,40101,
37,Person,37145,
42,Montour,42093,
39,Scioto,39145,
21,Warren,21227,
13,Early,13099,
17,Whiteside,17195,
8,La Plata,8067,
13,Hall,13139,
13,Harris,13145,
36,Queens,36081,
42,Union,42119,
5,Greene,5055,
37,Gaston,37071,
5,Hot Spring,5059,
51,Westmoreland,51193,
30,Garfield,30033,
51,Frederick,51069,51921
54,Morgan,54065,
54,Pendleton,54071,
28,Yazoo,28163,
28,Winston,28159,
54,Tyler,54095,
30,Roosevelt,30085,
1,Clay,1027,
29,Wright,29229,
18,Parke,18121,
28,Tunica,28143,
53,Kitsap,53035,
37,Sampson,37163,
17,Richland,17159,
16,Boundary,16021,
13,Jeff Davis,13161,
22,Catahoula,22025,
55,Grant,55043,
13,Marion,13197,
36,Lewis,36049,
37,Camden,37029,
5,Van Buren,5141,
37,Chowan,37041,
28,Leflore,28083,
13,Union,13291,
33,Cheshire,33005,
27,Stearns,27145,
6,Humboldt,6023,
5,Crawford,5033,
21,Nicholas,21181,
37,Hoke,37093,
21,Ohio,21183,
27,Freeborn,27047,
26,Osceola,26133,
27,Kanabec,27065,
17,Cook,17031,
17,Franklin,17055,
13,Fulton,13121,
39,Jefferson,39081,
46,McPherson,46089,
53,Lewis,53041,
28,Harrison,28047,
13,Grady,13131,
29,Bollinger,29017,
55,Richland,55103,
56,Johnson,56019,
37,Washington,37187,
12,Okeechobee,12093,
31,Madison,31119,
18,Henry,18065,
13,Stewart,13259,
55,Clark,55019,
36,Otsego,36077,
42,Pike,42103,
48,Wood,48499,
48,Camp,48063,
40,Osage,40113,
36,Franklin,36033,
36,Sullivan,36105,
48,Panola,48365,
50,Caledonia,50005,
55,Racine,55101,
54,Jefferson,54037,
32,Pershing,32027,
51,Covington,51580,51903
13,Coffee,13069,
35,Bernalillo,35001,
18,Vermillion,18165,
38,Mercer,38057,
6,Glenn,6021,
47,Jefferson,47089,
45,Georgetown,45043,
31,Kimball,31105,
47,Knox,47093,
42,Columbia,42037,
27,Jackson,27063,
29,Moniteau,29135,
42,Northampton,42095,
34,Camden,34007,
37,Yancey,37199,
31,Hayes,31085,
55,Green Lake,55047,
36,Clinton,36019,
18,Daviess,18027,
29,Bates,29013,
45,Hampton,45049,
37,Perquimans,37143,
8,Rio Grande,8105,
19,Buena Vista,19021,
21,Lee,21129,
22,Iberville,22047,
26,Ingham,26065,
13,Jenkins,13165,
48,Goliad,48175,
29,Saline,29195,
36,Rensselaer,36083,
31,Butler,31023,
38,Pembina,38067,
51,Colonial Heights,51570,51918
37,Lincoln,37109,
51,Martinsville,51690,51929
19,Jones,19105,
38,Bowman,38011,
37,Hyde,37095,
48,Comanche,48093,
20,Coffey,20031,
20,Elk,20049,
17,Douglas,17041,
20,Marion,20115,
21,Magoffin,21153,
37,Harnett,37085,
18,Tippecanoe,18157,
36,Bronx,36005,
34,Hunterdon,34019,
30,Granite,30039,
42,Potter,42105,
48,Fannin,48147,
42,Snyder,42109,
37,Cabarrus,37025,
35,Lincoln,35027,
31,Dodge,31053,
45,McCormick,45065,
51,King George,51099,
30,Wheatland,30107,
29,Miller,29131,
39,Carroll,39019,
31,Morrill,31123,
26,Isabella,26073,
23,Androscoggin,23001,
40,McClain,40087,
47,Lauderdale,47097,
47,Pickett,47137,
18,Howard,18067,
13,Effingham,13103,
33,Rockingham,33015,
47,Dyer,47045,
21,Powell,21197,
22,Morehouse,22067,
19,Emmet,19063,
26,Leelanau,26089,
1,Calhoun,1015,
13,Gilmer,13123,
20,Barton,20009,
29,Warren,29219,
48,Wilson,48493,
47,Chester,47023,
20,Hodgeman,20083,
6,Amador,6005,
21,Boyd,21019,
41,Klamath,41035,
20,Edwards,20047,
18,Noble,18113,
37,Wayne,37191,
1,Bullock,1011,
17,Mason,17125,
19,Marion,19125,
19,Poweshiek,19157,
39,Crawford,39033,
13,Pike,13231,
27,Meeker,27093,
13,Chattahoochee,13053,
19,Pottawattamie,19155,
48,Hemphill,48211,
39,Allen,39003,
16,Canyon,16027,
13,Walton,13297,
39,Lorain,39093,
46,Sully,46119,
26,Gratiot,26057,
55,Pierce,55093,
48,Harrison,48203,
42,Adams,42001,
23,Knox,23013,
37,Beaufort,37013,
51,Nottoway,51135,
39,Tuscarawas,39157,
26,Charlevoix,26029,
38,Golden Valley,38033,
21,Boyle,21021,
47,Madison,47113,
24,Washington,24043,
21,Knox,21121,
20,Sedgwick,20173,
17,Mercer,17131,
13,Wheeler,13309,
55,Oneida,55085,
29,Grundy,29079,
1,Etowah,1055,
21,Marion,21155,
22,Rapides,22079,
37,Bertie,37015,
48,Willacy,48489,
5,Hempstead,5057,
16,Ada,16001,
18,Delaware,18035,
20,Scott,20171,
26,Saginaw,26145,
13,Dodge,13091,
17,Logan,17107,
46,Beadle,46005,
47,Bledsoe,47007,
17,Wabash,17185,
5,Lee,5077,
31,Loup,31115,
12,Calhoun,12013,
13,Dawson,13085,
26,Newaygo,26123,
31,York,31185,
36,Genesee,36037,
47,Maury,47119,
54,Summers,54089,
51,Charlotte,51037,
24,St. Mary's,24037,
21,Bullitt,21029,
29,Monroe,29137,
17,Macon,17115,
39,Seneca,39147,
40,Tulsa,40143,
48,Bastrop,48021,
54,Fayette,54019,
55,Waushara,55137,
51,Wise,51195,51955
8,Arapahoe,8005,
22,Richland,22083,
5,Craighead,5031,
1,DeKalb,1049,
9,Tolland,9013,
26,Houghton,26061,
26,Gladwin,26051,
18,White,18181,
13,Appling,13001,
9,Middlesex,9007,
19,Story,19169,
17,Marshall,17123,
54,Preston,54077,
17,St. Clair,17163,
31,Wheeler,31183,
48,Lavaca,48285,
21,Trigg,21221,
48,Duval,48131,
21,Breathitt,21025,
48,Fayette,48149,
45,Aiken,45003,
46,Sanborn,46111,
48,Atascosa,48013,
47,Greene,47059,
46,Hand,46059,
48,Palo Pinto,48363,
17,Stark,17175,
27,Todd,27153,
27,Renville,27129,
37,Nash,37127,
48,Bandera,48019,
28,Lowndes,28087,
21,Owen,21187,
30,Sweet Grass,30097,
27,Pipestone,27117,
30,Madison,30057,
27,Rock,27133,
53,Skamania,53059,
6,Madera,6039,
45,Berkeley,45015,
30,Carbon,30009,
21,Rockcastle,21203,
12,Duval,12031,
5,Jackson,5067,
21,Anderson,21005,
17,Massac,17127,
40,Washington,40147,
36,Steuben,36101,
49,Cache,49005,
21,Spencer,21215,
29,Cole,29051,
42,Blair,42013,
48,San Augustine,48405,
12,Pinellas,12103,
48,Jasper,48241,
41,Clatsop,41007,
13,Brooks,13027,
17,Schuyler,17169,
8,Kiowa,8061,
10,Sussex,10005,
45,Abbeville,45001,
50,Franklin,50011,
1,Wilcox,1131,
13,Montgomery,13209,
18,Jay,18075,
42,Lancaster,42071,
28,Perry,28111,
29,Daviess,29061,
31,Chase,31029,
26,Wayne,26163,
19,Page,19145,
20,Riley,20161,
22,Claiborne,22027,
36,Dutchess,36027,
36,Rockland,36087,
8,Jefferson,8059,
48,Brewster,48043,
16,Latah,16057,
8,Teller,8119,
28,Copiah,28029,
28,Benton,28009,
13,Haralson,13143,
26,Berrien,26021,
16,Clearwater,16035,
4,Maricopa,4013,
48,Cherokee,48073,
35,McKinley,35031,
48,Crosby,48107,
21,Jackson,21109,
27,Houston,27055,
40,Woodward,40153,
56,Sweetwater,56037,
33,Sullivan,33019,
4,Pinal,4021,
6,Tuolumne,6109,
49,Summit,49043,
48,Smith,48423,
51,Franklin,51067,51067
40,Ottawa,40115,
28,Lee,28081,
38,Barnes,38003,
29,Barry,29009,
26,Luce,26095,
5,Sevier,5133,
26,Alger,26003,
56,Teton,56039,
51,Lee,51105,
20,Ford,20057,
13,Ben Hill,13017,
5,Logan,5083,
18,Vanderburgh,18163,
26,Ottawa,26139,
38,Dickey,38021,
21,Union,21225,
48,Donley,48129,
40,Canadian,40017,
31,Pawnee,31133,
18,Fulton,18049,
5,Randolph,5121,
21,Jefferson,21111,
30,Liberty,30051,
42,Fayette,42051,
48,Pecos,48371,
8,San Juan,8111,
51,Hanover,51085,
13,Crisp,13081,
39,Ross,39141,
17,Union,17181,
19,Sioux,19167,
20,Graham,20065,
46,Codington,46029,
47,Overton,47133,
24,Worcester,24047,
22,LaSalle,22059,
4,Yuma,4027,
40,Wagoner,40145,
21,Clay,21051,
21,Rowan,21205,
19,Ringgold,19159,
48,Oldham,48359,
37,Ashe,37009,
46,Lawrence,46081,
27,Kittson,27069,
27,Lac qui Parle,27073,
51,Henrico,51087,
48,Karnes,48255,
31,Antelope,31003,
56,Campbell,56005,
55,Price,55099,
38,Sheridan,38083,
13,Colquitt,13071,
31,Richardson,31147,
45,Greenville,45045,
38,Grand Forks,38035,
5,Lonoke,5085,
21,Metcalfe,21169,
27,Dodge,27039,
29,Howard,29089,
48,Loving,48301,
51,Bland,51021,
19,Howard,19089,
38,Steele,38091,
39,Stark,39151,
41,Jefferson,41031,
47,Fentress,47049,
47,Cheatham,47021,
55,Juneau,55057,
22,Tensas,22107,
17,Iroquois,17075,
18,Knox,18083,
35,Luna,35029,
21,Clark,21049,
26,Montcalm,26117,
56,Natrona,56025,
48,Brooks,48047,
27,Waseca,27161,
12,Baker,12003,
20,Doniphan,20043,
32,Lincoln,32017,
6,Shasta,6089,
29,Hickory,29085,
48,Crane,48103,
46,Jackson,46071,
37,Vance,37181,
46,Harding,46063,
37,Anson,37007,
53,Pacific,53049,
51,Northumberland,51133,
31,Cherry,31031,
19,Louisa,19115,
37,Polk,37149,
20,Clay,20027,
48,Shelby,48419,
37,Tyrrell,37177,
6,Plumas,6063,
17,Kankakee,17091,
42,Venango,42121,
48,San Saba,48411,
13,Rabun,13241,
5,Madison,5087,
48,Henderson,48213,
40,Johnston,40069,
51,Buchanan,51027,
36,Monroe,36055,
47,Cannon,47015,
28,Union,28145,
48,Victoria,48469,
55,La Crosse,55063,
19,Taylor,19173,
31,Lincoln,31111,
29,Atchison,29005,
5,White,5145,
42,Luzerne,42079,
21,Johnson,21115,
42,Cameron,42023,
47,Hardin,47071,
29,Callaway,29027,
56,Crook,56011,
55,Polk,55095,
51,King and Queen,51097,
5,Bradley,5011,
27,Mahnomen,27087,
30,Carter,30011,
20,Norton,20137,
30,Treasure,30103,
20,Republic,20157,
27,Polk,27119,
20,Washington,20201,
48,Rains,48379,
48,Hunt,48231,
30,Valley,30105,
34,Union,34039,
1,Talladega,1121,
19,Dallas,19049,
21,Wolfe,21237,
27,Chippewa,27023,
20,Morris,20127,
39,Hocking,39073,
55,Waupaca,55135,
5,Monroe,5095,
13,Gordon,13129,
19,Pocahontas,19151,
22,Acadia,22001,
29,Henry,29083,
47,Union,47173,
51,James City,51095,51931
35,Grant,35017,
18,Decatur,18031,
28,Oktibbeha,28105,
31,Thomas,31171,
31,Seward,31159,
31,Merrick,31121,
48,Mason,48319,
51,Stafford,51179,
51,Salem,51775,51944
54,Hancock,54029,
27,Pennington,27113,
28,Lamar,28073,
31,Valley,31175,
35,Do√±a Ana,35013,
36,Ulster,36111,
37,Granville,37077,
48,Hays,48209,
48,Maverick,48323,
28,Kemper,28069,
46,Hyde,46069,
48,Madison,48313,
47,Hamblen,47063,
29,Dallas,29059,
51,Richmond,51159,
18,Hendricks,18063,
13,Rockdale,13247,
51,Patrick,51141,
42,Jefferson,42065,
29,McDonald,29119,
51,Spotsylvania,51177,51951
48,Rockwall,48397,
51,Arlington,51013,
56,Sheridan,56033,
51,Clarke,51043,
29,Butler,29023,
44,Providence,44007,
53,Whitman,53075,
48,Trinity,48455,
51,Alexandria,51510,
12,Indian River,12061,
28,Smith,28129,
13,Whitfield,13313,
24,Caroline,24011,
36,Montgomery,36057,
18,Jefferson,18077,
13,McIntosh,13191,
5,Phillips,5107,
20,Ellsworth,20053,
18,Boone,18011,
22,Orleans,22071,
8,El Paso,8041,
44,Newport,44005,
55,Waukesha,55133,
27,Nicollet,27103,
42,Montgomery,42091,
48,Collingsworth,48087,
29,Nodaway,29147,
36,Schenectady,36093,
21,Oldham,21185,
39,Ashtabula,39007,
37,Henderson,37089,
36,Hamilton,36041,
51,Prince George,51149,51941
56,Converse,56009,
48,Eastland,48133,
1,Blount,1009,
1,Choctaw,1023,
36,Erie,36029,
24,Calvert,24009,
48,DeWitt,48123,
21,Mason,21161,
26,Oceana,26127,
37,Scotland,37165,
17,Hancock,17067,
48,Anderson,48001,
46,Custer,46033,
45,Edgefield,45037,
28,Grenada,28043,
5,Poinsett,5111,
54,Putnam,54079,
41,Morrow,41049,
55,Door,55029,
18,Martin,18101,
45,Sumter,45085,
45,Saluda,45081,
51,Charles City,51036,
12,Charlotte,12015,
28,Hancock,28045,
1,Limestone,1083,
13,Seminole,13253,
28,Franklin,28037,
55,Rock,55105,
21,Harrison,21097,
27,Watonwan,27165,
6,Yolo,6113,
26,Mecosta,26107,
42,Clinton,42035,
4,Cochise,4003,
6,Kern,6029,
21,Elliott,21063,
29,Christian,29043,
49,Carbon,49007,
51,Cumberland,51049,
26,Menominee,26109,
38,Traill,38097,
37,Jones,37103,
48,Williamson,48491,
39,Brown,39015,
38,Ward,38101,
19,Clarke,19039,
31,Thurston,31173,
16,Caribou,16029,
22,Natchitoches,22069,
40,Beaver,40007,
8,Moffat,8081,
18,Hamilton,18057,
55,Marquette,55077,
27,Yellow Medicine,27173,
41,Crook,41013,
54,Barbour,54001,
40,Seminole,40133,
29,Greene,29077,
21,Hart,21099,
17,Brown,17009,
1,Franklin,1059,
16,Bonneville,16019,
13,Spalding,13255,
55,Pepin,55091,
38,Cavalier,38019,
13,Cherokee,13057,
1,Cherokee,1019,
20,Jewell,20089,
29,Oregon,29149,
39,Williams,39171,
37,Edgecombe,37065,
5,Pike,5109,
48,Lamar,48277,
19,Bremer,19017,
21,Grant,21081,
17,Winnebago,17201,
16,Nez Perce,16069,
46,Gregory,46053,
55,Kewaunee,55061,
13,Hancock,13141,
13,Barrow,13013,
41,Washington,41067,
55,Florence,55037,
37,Surry,37171,
39,Holmes,39075,
33,Merrimack,33013,
30,Toole,30101,
18,St. Joseph,18141,
20,Johnson,20091,
39,Portage,39133,
46,Todd,46121,
54,Wyoming,54109,
31,Nemaha,31127,
20,Logan,20109,
46,Walworth,46129,
27,Crow Wing,27035,
13,Morgan,13211,
12,Wakulla,12129,
20,Atchison,20005,
32,Washoe,32031,
31,Dixon,31051,
8,Saguache,8109,
5,Washington,5143,
40,Cleveland,40027,
48,Van Zandt,48467,
6,Fresno,6019,
24,Howard,24027,
40,Harper,40059,
47,Campbell,47013,
39,Logan,39091,
33,Carroll,33003,
1,Geneva,1061,
13,Brantley,13025,
17,McLean,17113,
8,Mesa,8077,
13,Butts,13035,
19,Jackson,19097,
40,Adair,40001,
5,Saline,5125,
51,Pulaski,51155,
45,Dillon,45033,
17,Scott,17171,
29,Putnam,29171,
5,Polk,5113,
5,Independence,5063,
51,Halifax,51083,
26,Macomb,26099,
48,Hopkins,48223,
40,Pawnee,40117,
51,Culpeper,51047,
36,Fulton,36035,
54,Mercer,54055,
8,Sedgwick,8115,
48,Waller,48473,
18,Bartholomew,18005,
51,Roanoke,51161,51944
45,Kershaw,45055,
46,Lyman,46085,
13,Clarke,13059,
48,Kimble,48267,
48,Washington,48477,
29,Audrain,29007,
48,Nolan,48353,
47,Montgomery,47125,
48,Nacogdoches,48347,
13,Calhoun,13037,
48,Hardin,48199,
12,Bradford,12007,
8,Grand,8049,
21,Lawrence,21127,
44,Washington,44009,
26,Mackinac,26097,
56,Park,56029,
20,Wabaunsee,20197,
18,Jennings,18079,
21,Bracken,21023,
5,Prairie,5117,
51,Accomack,51001,
13,Jackson,13157,
13,Walker,13295,
27,Wabasha,27157,
31,Nance,31125,
13,Houston,13153,
31,Blaine,31009,
16,Lemhi,16059,
23,Washington,23029,
5,Arkansas,5001,
55,Kenosha,55059,
38,Nelson,38063,
34,Monmouth,34025,
17,Wayne,17191,
28,Neshoba,28099,
48,Edwards,48137,
51,Powhatan,51145,
22,Livingston,22063,
12,Brevard,12009,
48,Presidio,48377,
42,Lehigh,42077,
48,Llano,48299,
28,Warren,28149,
30,Lake,30047,
4,La Paz,4012,
16,Elmore,16039,
19,Harrison,19085,
37,Wilkes,37193,
46,Turner,46125,
26,Marquette,26103,
22,Iberia,22045,
22,Pointe Coupee,22077,
39,Preble,39135,
19,Plymouth,19149,
48,Refugio,48391,
8,Montrose,8085,
19,Wayne,19185,
48,Tarrant,48439,
40,Major,40093,
53,Adams,53001,
51,Caroline,51033,
42,Forest,42053,
35,Socorro,35053,
8,Routt,8107,
40,McIntosh,40091,
40,Haskell,40061,
54,Marshall,54051,
51,Craig,51045,
47,Benton,47005,
37,Martin,37117,
20,Leavenworth,20103,
6,Kings,6031,
55,Ashland,55003,
53,Garfield,53023,
48,Burnet,48053,
13,Franklin,13119,
17,Hardin,17069,
12,Glades,12043,
12,Hillsborough,12057,
47,Tipton,47167,
26,Branch,26023,
40,Nowata,40105,
1,Crenshaw,1041,
54,Hardy,54031,
6,San Joaquin,6077,
49,Davis,49011,
27,Clay,27027,
37,Lee,37105,
49,Salt Lake,49035,
29,St. Louis,29189,
26,Alpena,26007,
46,Miner,46097,
51,Highland,51091,
28,Leake,28079,
28,Quitman,28119,
31,Franklin,31061,
54,Gilmer,54021,
4,Mohave,4015,
29,Carroll,29033,
27,Norman,27107,
16,Jerome,16053,
29,Buchanan,29021,
8,Bent,8011,
18,DeKalb,18033,
38,Burleigh,38015,
18,Montgomery,18107,
19,Crawford,19047,
8,Kit Carson,8063,
48,Orange,48361,
51,Lunenburg,51111,
13,Habersham,13137,
30,Beaverhead,30001,
17,Sangamon,17167,
47,Wilson,47189,
48,El Paso,48141,
19,Lee,19111,
8,Gunnison,8051,
39,Marion,39101,
28,Monroe,28095,
50,Bennington,50003,
55,Sheboygan,55117,
38,Hettinger,38041,
18,Whitley,18183,
55,Menominee,55078,
17,Crawford,17033,
49,San Juan,49037,
6,Los Angeles,6037,
12,Marion,12083,
49,Utah,49049,
21,Butler,21031,
47,Carroll,47017,
47,Grainger,47057,
5,Union,5139,
9,Litchfield,9005,
22,St. Martin,22099,
19,Van Buren,19177,
36,Putnam,36079,
51,Hampton,51650,
36,St. Lawrence,36089,
24,Kent,24029,
39,Geauga,39055,
51,Fairfax,51600,51919
6,Ventura,6111,
6,Santa Barbara,6083,
23,Franklin,23007,
13,Forsyth,13117,
37,Orange,37135,
42,Lycoming,42081,
48,Robertson,48395,
47,Hickman,47081,
51,Charlottesville,51540,51901
53,Clark,53011,
5,Howard,5061,
13,Putnam,13237,
13,Jasper,13159,
13,Lee,13177,
13,Tattnall,13267,
13,Terrell,13273,
5,Cleveland,5025,
19,Grundy,19075,
46,Meade,46093,
13,DeKalb,13089,
40,Bryan,40013,
8,Chaffee,8015,
37,Davie,37059,
35,Harding,35021,
26,Delta,26041,
6,Marin,6041,
12,Broward,12011,
28,Holmes,28051,
28,Scott,28123,
1,Lawrence,1079,
12,Holmes,12059,
48,Ector,48135,
48,Gaines,48165,
13,Atkinson,13003,
13,Berrien,13019,
54,Tucker,54093,
51,Botetourt,51023,
55,Green,55045,
48,Ochiltree,48357,
27,Becker,27005,
5,Woodruff,5147,
37,Alexander,37003,
50,Lamoille,50015,
22,St. Bernard,22087,
48,Scurry,48415,
21,Green,21087,
25,Nantucket,25019,
19,Warren,19181,
54,Boone,54005,
48,McCulloch,48307,
26,St. Clair,26147,
18,Blackford,18009,
19,Cedar,19031,
48,Cochran,48079,
31,Logan,31113,
41,Jackson,41029,
26,Crawford,26039,
20,Harvey,20079,
12,Walton,12131,
40,Payne,40119,
46,Faulk,46049,
41,Benton,41003,
35,Roosevelt,35041,
13,Gwinnett,13135,
36,Orleans,36073,
13,Douglas,13097,
19,Calhoun,19025,
55,Shawano,55115,
20,Seward,20175,
47,Lake,47095,
6,San Bernardino,6071,
56,Fremont,56013,
35,Lea,35025,
48,Borden,48033,
34,Salem,34033,
42,Washington,42125,
39,Washington,39167,
1,Walker,1127,
55,Bayfield,55007,
33,Hillsborough,33011,
18,Putnam,18133,
6,Inyo,6027,
48,Nueces,48355,
13,Cook,13075,
32,White Pine,32033,
24,Prince George's,24033,
35,Colfax,35007,
16,Valley,16085,
13,Camden,13039,
53,Okanogan,53047,
48,Cooke,48097,
32,Esmeralda,32009,
54,Wayne,54099,
41,Wheeler,41069,
37,Halifax,37083,
53,Grant,53025,
39,Ottawa,39123,
35,Otero,35035,
22,Caddo,22017,
31,Box Butte,31013,
16,Minidoka,16067,
48,Concho,48095,
20,Montgomery,20125,
31,Washington,31177,
1,Macon,1087,
8,Logan,8075,
39,Adams,39001,
30,Musselshell,30065,
34,Passaic,34031,
13,Clayton,13063,
55,Marathon,55073,
55,Oconto,55083,
30,Petroleum,30069,
19,Dubuque,19061,
42,Armstrong,42005,
48,Harris,48201,
51,York,51199,51958
51,Newport News,51700,
29,Johnson,29101,
50,Essex,50009,
19,Linn,19113,
51,Greensville,51081,51923
13,Clay,13061,
8,San Miguel,8113,
6,Modoc,6049,
28,Greene,28041,
13,Elbert,13105,
47,Putnam,47141,
38,Stark,38089,
27,Beltrami,27007,
22,St. James,22093,
26,Huron,26063,
1,Coosa,1037,
13,Baldwin,13009,
38,Walsh,38099,
22,Winn,22127,
48,Galveston,48167,
1,Conecuh,1035,
29,Worth,29227,
47,Rutherford,47149,
40,Delaware,40041,
26,Midland,26111,
54,Roane,54087,
8,Boulder,8013,
8,Custer,8027,
48,Reeves,48389,
29,St. Francois,29187,
8,Lincoln,8073,
29,Linn,29115,
42,Beaver,42007,
13,Bibb,13021,
38,Logan,38047,
27,Redwood,27127,
21,Perry,21193,
22,St. Charles,22089,
13,Laurens,13175,
48,Cottle,48101,
47,Henderson,47077,
27,Morrison,27097,
12,Clay,12019,
21,Graves,21083,
47,Giles,47055,
18,Shelby,18145,
22,Lafayette,22055,
45,Bamberg,45009,
47,Jackson,47087,
19,Washington,19183,
31,Burt,31021,
17,Henderson,17071,
30,Dawson,30021,
39,Noble,39121,
49,Emery,49015,
21,Monroe,21171,
21,Pendleton,21191,
1,Lowndes,1085,
21,Floyd,21071,
48,Martin,48317,
48,Glasscock,48173,
1,Marshall,1095,
29,Caldwell,29025,
54,Wirt,54105,
23,Somerset,23025,
54,Lewis,54041,
8,Delta,8029,
28,Rankin,28121,
56,Albany,56001,
35,Rio Arriba,35039,
1,Montgomery,1101,
35,Union,35059,
4,Coconino,4005,
49,Morgan,49029,
32,Lander,32015,
47,Johnson,47091,
20,Franklin,20059,
42,Indiana,42063,
29,Jackson,29095,
27,Faribault,27043,
50,Windsor,50027,
51,Pittsylvania,51143,51939
22,Tangipahoa,22105,
55,Iron,55051,
5,Chicot,5017,
27,Otter Tail,27111,
29,Reynolds,29179,
34,Somerset,34035,
40,Pushmataha,40127,
31,Knox,31107,
21,Pike,21195,
39,Lucas,39095,
24,Talbot,24041,
29,Jasper,29097,
30,Sheridan,30091,
40,Marshall,40095,
24,Frederick,24021,
46,Charles Mix,46023,
24,Harford,24025,
50,Rutland,50021,
28,Choctaw,28019,
12,Jackson,12063,
51,Chesterfield,51041,
29,Carter,29035,
29,Shannon,29203,
31,McPherson,31117,
17,Clinton,17027,
8,Conejos,8021,
1,Madison,1089,
17,Pulaski,17153,
42,Allegheny,42003,
46,Stanley,46117,
51,Loudoun,51107,
5,Lafayette,5073,
48,Kaufman,48257,
53,Asotin,53003,
51,Amelia,51007,
41,Multnomah,41051,
42,Philadelphia,42101,
22,Jefferson,22051,
17,Washington,17189,
39,Licking,39089,
18,Allen,18003,
22,West Baton Rouge,22121,
54,Raleigh,54081,
37,Stanly,37167,
32,Carson City,32510,
13,Bacon,13005,
13,Floyd,13115,
16,Butte,16023,
6,Yuba,6115,
1,Jackson,1071,
40,Okmulgee,40111,
42,Centre,42027,
20,Shawnee,20177,
24,Anne Arundel,24003,
42,Huntingdon,42061,
17,Kendall,17093,
16,Cassia,16031,
1,Lee,1081,
17,Rock Island,17161,
51,Giles,51071,
8,Fremont,8043,
8,Denver,8031,
16,Lewis,16061,
51,Northampton,51131,
27,Lake of the Woods,27077,
33,Coos,33007,
39,Athens,39009,
40,Cotton,40033,
12,Lee,12071,
17,Stephenson,17177,
26,Chippewa,26033,
28,Wilkinson,28157,
38,McLean,38055,
18,Union,18161,
42,McKean,42083,
42,Mifflin,42087,
42,Bradford,42015,
45,Union,45087,
51,Manassas,51683,51942
38,Towner,38095,
51,Manassas Park,51685,51942
48,Calhoun,48057,
37,Chatham,37037,
20,Greenwood,20073,
21,Grayson,21085,
28,Hinds,28049,
1,Tuscaloosa,1125,
6,San Benito,6069,
16,Madison,16065,
48,Hardeman,48197,
42,Bucks,42017,
47,Henry,47079,
36,Chautauqua,36013,
51,Augusta,51015,51907
21,Muhlenberg,21177,
21,Menifee,21165,
22,Concordia,22029,
24,Garrett,24023,
46,Hughes,46065,
26,Allegan,26005,
19,Cerro Gordo,19033,
22,Calcasieu,22019,
42,Fulton,42057,
36,Essex,36031,
36,Washington,36115,
54,Mineral,54057,
39,Vinton,39163,
39,Harrison,39067,
46,Buffalo,46017,
18,Scott,18143,
20,Lincoln,20105,
17,Jasper,17079,
21,Morgan,21175,
21,Pulaski,21199,
26,Wexford,26165,
28,Simpson,28127,
54,Berkeley,54003,
51,Rappahannock,51157,
46,Union,46127,
5,Newton,5101,
56,Carbon,56007,
6,Tehama,6103,
18,Greene,18055,
21,Taylor,21217,
26,Washtenaw,26161,
28,Attala,28007,
17,Will,17197,
24,Baltimore,24510,
46,Tripp,46123,
12,Collier,12021,
12,Franklin,12037,
5,Dallas,5039,
40,Mayes,40097,
51,Radford,51750,51933
54,Nicholas,54067,
39,Hamilton,39061,
37,Johnston,37101,
54,Pocahontas,54075,
27,Goodhue,27049,
31,Platte,31141,
35,Taos,35055,
12,Osceola,12097,
48,Terrell,48443,
6,Siskiyou,6093,
45,Darlington,45031,
29,Pettis,29159,
34,Morris,34027,
40,Kiowa,40075,
12,Levy,12075,
4,Navajo,4017,
27,Wilkin,27167,
49,Washington,49053,
51,Rockingham,51165,51947
20,Stanton,20187,
6,Del Norte,6015,
20,Bourbon,20011,
22,De Soto,22031,
26,Keweenaw,26083,
21,Cumberland,21057,
22,Lafourche,22057,
19,Clayton,19043,
48,Franklin,48159,
23,Hancock,23009,
34,Cumberland,34011,
21,Letcher,21133,
8,Gilpin,8047,
30,Daniels,30019,
16,Lincoln,16063,
30,Meagher,30059,
36,Wyoming,36121,
19,Greene,19073,
37,Davidson,37057,
40,Stephens,40137,
37,Mecklenburg,37119,
17,Macoupin,17117,
28,Tate,28137,
37,Pamlico,37137,
48,Angelina,48005,
20,Pratt,20151,
37,Craven,37049,
29,Cape Girardeau,29031,
40,Jackson,40065,
40,Roger Mills,40129,
1,Randolph,1111,
6,Orange,6059,
17,Pike,17149,
18,Perry,18123,
18,Randolph,18135,
47,Clay,47027,
51,Lancaster,51103,
55,Milwaukee,55079,
24,Allegany,24001,
21,Kenton,21117,
42,Monroe,42089,
45,Horry,45051,
45,Dorchester,45035,
51,Prince William,51153,51942
38,Oliver,38065,
21,Fayette,21067,
47,Gibson,47053,
51,Winchester,51840,51921
56,Washakie,56043,
23,Waldo,23027,
37,Wake,37183,
36,Livingston,36051,
37,Burke,37023,
40,Cherokee,40021,
47,Van Buren,47175,
22,Madison,22065,
4,Pima,4019,
4,Yavapai,4025,
16,Blaine,16013,
35,Cibola,35006,
21,Christian,21047,
17,McHenry,17111,
39,Summit,39153,
13,Taliaferro,13265,
48,Swisher,48437,
37,Mitchell,37121,
27,Red Lake,27125,
35,Santa Fe,35049,
48,Jack,48237,
28,Jackson,28059,
53,Ferry,53019,
41,Grant,41023,
38,Richland,38077,
13,Oglethorpe,13221,
30,McCone,30055,
45,Calhoun,45017,
50,Chittenden,50007,
56,Big Horn,56003,
39,Darke,39037,
37,Transylvania,37175,
41,Linn,41043,
16,Twin Falls,16083,
22,Bossier,22015,
35,Curry,35009,
21,Greenup,21089,
47,Claiborne,47025,
37,Graham,37075,
42,Wayne,42127,
30,Pondera,30073,
12,St. Lucie,12111,
39,Perry,39127,
30,Teton,30099,
36,Warren,36113,
37,Duplin,37061,
40,Greer,40055,
22,Avoyelles,22009,
18,Wayne,18177,
18,Owen,18119,
27,Mille Lacs,27095,
37,Pender,37141,
13,Quitman,13239,
49,Sanpete,49039,
49,Wasatch,49051,
42,Cumberland,42041,
51,Buckingham,51029,
34,Bergen,34003,
48,Morris,48343,
40,Carter,40019,
48,San Jacinto,48407,
1,Hale,1065,
54,Monroe,54063,
36,Niagara,36063,
31,Adams,31001,
18,Washington,18175,
20,Sheridan,20179,
21,Adair,21001,
24,Baltimore,24005,
53,Columbia,53013,
19,Sac,19161,
36,Ontario,36069,
39,Defiance,39039,
53,Chelan,53007,
28,Pearl River,28109,
30,Blaine,30005,
25,Berkshire,25003,
22,Vermilion,22113,
51,Albemarle,51003,51901
47,Scott,47151,
13,Washington,13303,
4,Graham,4009,
24,Wicomico,24045,
26,Iron,26071,
6,Placer,6061,
49,Wayne,49055,
51,Staunton,51790,51907
29,Jefferson,29099,
34,Mercer,34021,
40,Choctaw,40023,
41,Curry,41015,
34,Burlington,34005,
38,Foster,38031,
22,St. Helena,22091,
18,Morgan,18109,
37,Watauga,37189,
20,Gove,20063,
45,York,45091,
27,Roseau,27135,
5,Pope,5115,
51,Southampton,51175,51949
40,Woods,40151,
37,Alleghany,37005,
8,Las Animas,8071,
29,Pemiscot,29155,
42,Butler,42019,
8,Garfield,8045,
36,Seneca,36099,
56,Niobrara,56027,
56,Hot Springs,56017,
45,Oconee,45073,
48,Fort Bend,48157,
20,Meade,20119,
21,Hickman,21105,
37,Alamance,37001,
22,Bienville,22013,
6,El Dorado,6017,
35,Torrance,35057,
16,Gem,16045,
27,St. Louis,27137,
40,Pontotoc,40123,
41,Clackamas,41005,
22,Sabine,22085,
30,Missoula,30063,
31,Buffalo,31019,
35,De Baca,35011,
1,Baldwin,1003,
13,Murray,13213,
16,Washington,16087,
18,Posey,18129,
9,Hartford,9003,
17,Clark,17023,
17,DeKalb,17037,
37,Robeson,37155,
48,Denton,48121,
47,Shelby,47157,
54,Randolph,54083,
29,Clinton,29049,
39,Delaware,39041,
21,Shelby,21211,
48,Mitchell,48335,
4,Santa Cruz,4023,
31,Gosper,31073,
48,Dawson,48115,
45,Anderson,45007,
23,Penobscot,23019,
35,Guadalupe,35019,
51,Henry,51089,51929
37,Pitt,37147,
36,Delaware,36025,
22,Beauregard,22011,
20,Gray,20069,
46,Potter,46107,
47,DeKalb,47041,
29,St. Charles,29183,
16,Clark,16033,
21,Henderson,21101,
13,Upson,13293,
41,Umatilla,41059,
4,Apache,4001,
37,Onslow,37133,
13,Jefferson,13163,
39,Highland,39071,
6,San Diego,6073,
39,Union,39159,
42,Perry,42099,
48,Blanco,48031,
51,Hopewell,51670,51941
47,Cocke,47029,
38,Pierce,38069,
1,Clarke,1025,
55,Langlade,55067,
31,Boone,31011,
48,Montague,48337,
30,Wibaux,30109,
13,Bleckley,13023,
16,Franklin,16041,
17,Woodford,17203,
5,Calhoun,5013,
34,Hudson,34017,
1,Cleburne,1029,
6,Calaveras,6009,
21,Knott,21119,
30,Chouteau,30015,
18,Clark,18019,
16,Shoshone,16079,
40,McCurtain,40089,
19,Johnson,19103,
29,Holt,29087,
48,Brazos,48041,
50,Washington,50023,
37,Cumberland,37051,
19,Lyon,19119,
29,Pike,29163,
1,Butler,1013,
22,Red River,22081,
13,Charlton,13049,
30,Lincoln,30053,
6,Monterey,6053,
21,McCracken,21145,
38,Williams,38105,
22,Jefferson Davis,22053,
48,Comal,48091,
8,Rio Blanco,8103,
13,Fannin,13111,
20,Comanche,20033,
24,Somerset,24039,
18,Floyd,18043,
23,Cumberland,23005,
22,Cameron,22023,
51,Norfolk,51710,
54,Hampshire,54027,
54,Monongalia,54061,
48,Jackson,48239,
38,Morton,38059,
24,Charles,24017,
24,Dorchester,24019,
50,Windham,50025,
25,Bristol,25005,
13,Emanuel,13107,
13,Banks,13011,
48,Shackelford,48417,
17,Carroll,17015,
20,Reno,20155,
30,Ravalli,30081,
6,Riverside,6065,
27,Hennepin,27053,
29,Morgan,29141,
29,New Madrid,29143,
46,Grant,46051,
27,Chisago,27025,
12,Taylor,12123,
53,Grays Harbor,53027,
53,Pend Oreille,53051,
32,Douglas,32005,
19,Scott,19163,
19,Tama,19171,
18,Marion,18097,
37,Caswell,37033,
26,Ontonagon,26131,
26,Schoolcraft,26153,
31,Dundy,31057,
36,Richmond,36085,
30,Phillips,30071,
37,Avery,37011,
37,Richmond,37153,
47,Coffee,47031,
53,Stevens,53065,
4,Gila,4007,
27,Fillmore,27045,
56,Laramie,56021,
27,Martin,27091,
55,Marinette,55075,
37,Dare,37055,
36,Columbia,36021,
28,Walthall,28147,
12,Dixie,12029,
27,Scott,27139,
42,Erie,42049,
46,Roberts,46109,
29,Platte,29165,
41,Tillamook,41057,
49,Iron,49021,
53,Douglas,53017,
22,Union,22111,
34,Gloucester,34015,
45,Colleton,45029,
47,Sevier,47155,
41,Malheur,41045,
48,Newton,48351,
13,Towns,13281,
26,Sanilac,26151,
25,Hampshire,25015,
53,King,53033,
6,Butte,6007,
30,Lewis and Clark,30049,
36,Herkimer,36043,
36,Schoharie,36095,
42,Susquehanna,42115,
48,Brazoria,48039,
29,Dunklin,29069,
49,Box Elder,49003,
49,Grand,49019,
48,Limestone,48293,
39,Gallia,39053,
29,Dent,29065,
55,Brown,55009,
1,Washington,1129,
51,Shenandoah,51171,
28,Montgomery,28097,
29,DeKalb,29063,
54,Ritchie,54085,
30,Prairie,30079,
36,Saratoga,36091,
1,St. Clair,1115,
5,Crittenden,5035,
45,Allendale,45005,
25,Suffolk,25025,
47,Carter,47019,
37,Cherokee,37039,
1,Marengo,1091,
54,Logan,54045,
51,Goochland,51075,
50,Addison,50001,
53,Benton,53005,
30,Judith Basin,30045,
45,Lee,45061,
20,Dickinson,20041,
39,Mercer,39107,
13,Troup,13285,
6,San Mateo,6081,
18,Warrick,18173,
29,Wayne,29223,
22,St. Landry,22097,
40,Pottawatomie,40125,
36,Madison,36053,
51,Bedford,51019,
21,Boone,21015,
1,Mobile,1097,
53,Klickitat,53039,
9,Windham,9015,
5,Clark,5019,
39,Auglaize,39011,
48,Webb,48479,
13,Muscogee,13215,
29,Ozark,29153,
22,Plaquemines,22075,
8,Huerfano,8055,
48,Jones,48253,
16,Bingham,16011,
48,Erath,48143,
54,McDowell,54047,
25,Plymouth,25023,
37,Haywood,37087,
45,Cherokee,45021,
13,Irwin,13155,
30,Rosebud,30087,
38,Benson,38005,
12,Miami-Dade,12086,
16,Bannock,16005,
12,Citrus,12017,
37,Moore,37125,
17,Edgar,17045,
17,Greene,17061,
53,Island,53029,
55,Columbia,55021,
50,Grand Isle,50013,
48,Leon,48289,
13,Bulloch,13031,
39,Meigs,39105,
54,Wetzel,54103,
16,Owyhee,16073,
35,Sandoval,35043,
30,Cascade,30013,
26,Presque Isle,26141,
20,Ellis,20051,
26,Bay,26017,
38,Bottineau,38009,
37,Warren,37185,
26,Shiawassee,26155,
26,Tuscola,26157,
46,Ziebach,46137,
1,Chilton,1021,
37,Carteret,37031,
5,Pulaski,5119,
42,Westmoreland,42129,
5,Izard,5065,
5,Jefferson,5069,
6,Sonoma,6097,
8,Cheyenne,8017,
27,Washington,27163,
41,Gilliam,41021,
35,Chaves,35005,
35,San Miguel,35047,
50,Orange,50017,
36,Allegany,36003,
41,Hood River,41027,
18,Huntington,18069,
21,Madison,21151,
42,Northumberland,42097,
48,Matagorda,48321,
41,Deschutes,41017,
30,Powder River,30075,
32,Lyon,32019,
17,Fulton,17057,
39,Fulton,39051,
47,Monroe,47123,
51,Alleghany,51005,51903
51,Nelson,51125,
25,Middlesex,25017,
12,Polk,12105,
5,Lincoln,5079,
5,Little River,5081,
28,Clay,28025,
32,Clark,32003,
25,Essex,25009,
30,Deer Lodge,30023,
36,Kings,36047,
51,King William,51101,
35,Valencia,35061,
51,Essex,51057,
29,Ripley,29181,
37,Iredell,37097,
41,Union,41061,
51,Fauquier,51061,
53,Wahkiakum,53069,
13,Miller,13201,
28,Claiborne,28021,
12,Monroe,12087,
33,Strafford,33017,
10,Kent,10001,
27,Lake,27075,
23,Piscataquis,23021,
41,Coos,41011,
42,Delaware,42045,
26,Cheboygan,26031,
41,Lincoln,41041,
8,Weld,8123,
48,Tom Green,48451,
6,Trinity,6105,
48,Red River,48387,
39,Sandusky,39143,
6,Mendocino,6045,
16,Idaho,16049,
54,Kanawha,54039,
37,Catawba,37035,
25,Barnstable,25001,
55,St. Croix,55109,
45,Orangeburg,45075,
17,Adams,17001,
13,Lamar,13171,
29,Cass,29037,
51,Warren,51187,
40,Coal,40029,
48,Lee,48287,
40,Murray,40099,
40,Pittsburg,40121,
30,Yellowstone,30111,
55,Burnett,55013,
36,Suffolk,36103,
30,Flathead,30029,
51,Fairfax,51059,51919
30,Mineral,30061,
48,McMullen,48311,
39,Muskingum,39119,
48,Cameron,48061,
5,Benton,5007,
21,Barren,21009,
30,Broadwater,30007,
48,Lamb,48279,
9,New Haven,9009,
48,San Patricio,48409,
29,St. Louis,29510,
17,Jersey,17083,
28,Madison,28089,
48,Gregg,48183,
17,Lawrence,17101,
22,Webster,22119,
41,Lane,41039,
51,Surry,51181,
23,York,23031,
21,Trimble,21223,
25,Hampden,25013,
36,Jefferson,36045,
48,Hidalgo,48215,
6,Solano,6095,
23,Aroostook,23003,
37,Buncombe,37021,
41,Baker,41001,
12,Hamilton,12047,
37,Columbus,37047,
13,Ware,13299,
17,Monroe,17133,
8,Pitkin,8097,
13,Sumter,13261,
37,Gates,37073,
48,Gonzales,48177,
46,Day,46037,
21,Daviess,21059,
13,Hart,13147,
22,St. Mary,22101,
6,San Luis Obispo,6079,
41,Douglas,41019,
27,Wright,27171,
